{
  "best_global_step": 22,
  "best_metric": 2.5624303817749023,
  "best_model_checkpoint": "./sft_output/checkpoint-22",
  "epoch": 1.0,
  "eval_steps": 500,
  "global_step": 22,
  "is_hyper_param_search": false,
  "is_local_process_zero": true,
  "is_world_process_zero": true,
  "log_history": [
    {
      "entropy": 2.386221042275429,
      "epoch": 0.45977011494252873,
      "grad_norm": 0.06574096530675888,
      "learning_rate": 9.971674001050687e-06,
      "loss": 2.511335754394531,
      "mean_token_accuracy": 0.523801239579916,
      "num_tokens": 65971.0,
      "step": 10
    },
    {
      "entropy": 2.4342973589897157,
      "epoch": 0.9195402298850575,
      "grad_norm": 0.07472547143697739,
      "learning_rate": 9.013558189654819e-06,
      "loss": 2.5714155197143556,
      "mean_token_accuracy": 0.5163373716175557,
      "num_tokens": 133900.0,
      "step": 20
    },
    {
      "epoch": 1.0,
      "eval_entropy": 2.382398855686188,
      "eval_loss": 2.5624303817749023,
      "eval_mean_token_accuracy": 0.5083039075136184,
      "eval_num_tokens": 145762.0,
      "eval_runtime": 3.2948,
      "eval_samples_per_second": 11.837,
      "eval_steps_per_second": 3.035,
      "step": 22
    }
  ],
  "logging_steps": 10,
  "max_steps": 66,
  "num_input_tokens_seen": 0,
  "num_train_epochs": 3,
  "save_steps": 500,
  "stateful_callbacks": {
    "TrainerControl": {
      "args": {
        "should_epoch_stop": false,
        "should_evaluate": false,
        "should_log": false,
        "should_save": true,
        "should_training_stop": false
      },
      "attributes": {}
    }
  },
  "total_flos": 4054720572119040.0,
  "train_batch_size": 4,
  "trial_name": null,
  "trial_params": null
}
